{"Species Distance (Mash)": 1.80529, "Region Distance": 3.32385, "Ratio": 1.8411723324230456}