{"Species Distance (Mash)": 1.80529, "Ratio": 1.8412166466329507, "Region Distance": 3.32393}