,homo_sapiens,pan_paniscus,pan_troglodytes,gorilla_gorilla,nomascus_leucogenys,cercocebus_atys,mandrillus_leucophaeus,macaca_fascicularis,macaca_mulatta,macaca_nemestrina,chlorocebus_sabaeus,colobus_angolensis_palliatus,rhinopithecus_bieti,rhinopithecus_roxellana,aotus_nancymaae,cebus_capucinus,saimiri_boliviensis_boliviensis,carlito_syrichta,otolemur_garnettii,propithecus_coquereli,cavia_porcellus,chinchilla_lanigera,octodon_degus,fukomys_damarensis,heterocephalus_glaber_male,ictidomys_tridecemlineatus,jaculus_jaculus,dipodomys_ordii,ailuropoda_melanoleuca,mustela_putorius_furo,canis_familiaris,felis_catus,panthera_pardus,panthera_tigris_altaica,equus_caballus,sus_scrofa,myotis_lucifugus,pteropus_vampyrus,sorex_araneus,loxodonta_africana
gc_content,0.28,0.28,0.28,0.28,0.3,0.28,0.28,0.28,0.28,0.28,0.28,0.3,0.28,0.28,0.3,0.28,0.3,0.28,0.32,0.26,0.34,0.32,0.42,0.44,0.34,0.2682926829268293,0.42,0.2553191489361702,0.32653061224489793,0.28888888888888886,0.30612244897959184,0.32653061224489793,0.32653061224489793,0.32653061224489793,0.2857142857142857,0.2653061224489796,0.2857142857142857,0.32653061224489793,0.32653061224489793,0.28
longest_ORF,0.28,0.28,0.28,0.28,0.28,0.28,0.28,0.28,0.28,0.28,0.28,0.32,0.28,0.28,0.32,0.28,0.28,0.28,0.32,0.28,0.32,0.32,0.32,0.32,0.32,0.3170731707317073,0.32,0.2127659574468085,0.30612244897959184,0.3333333333333333,0.30612244897959184,0.32653061224489793,0.32653061224489793,0.32653061224489793,0.30612244897959184,0.30612244897959184,0.30612244897959184,0.32653061224489793,0.32653061224489793,0.32
A_percent,0.3,0.3,0.3,0.3,0.3,0.3,0.3,0.3,0.3,0.3,0.3,0.3,0.3,0.3,0.32,0.32,0.3,0.32,0.32,0.32,0.32,0.3,0.24,0.26,0.32,0.34146341463414637,0.28,0.3829787234042553,0.30612244897959184,0.3111111111111111,0.30612244897959184,0.2857142857142857,0.2857142857142857,0.2857142857142857,0.32653061224489793,0.3469387755102041,0.3469387755102041,0.30612244897959184,0.2653061224489796,0.3
longest_ORF_alan,8.0,8.0,8.0,8.0,5.0,8.0,8.0,8.0,8.0,8.0,8.0,8.0,8.0,8.0,15.0,8.0,8.0,8.0,6.0,0.0,1.0,8.0,8.0,5.0,8.0,12.0,2.0,0.0,5.0,5.0,8.0,15.0,15.0,15.0,8.0,8.0,8.0,8.0,14.0,15.0
