{"Species Distance (Mash)": 1.8501000000000005, "Region Distance": 4.78953, "Ratio": 2.5887952002594448}