{"Species Distance (Mash)": 1.8501000000000005, "Ratio": 2.588762769580022, "Region Distance": 4.78947}