{"Species Distance (Mash)": 2.02644, "Region Distance": 2.45356, "Ratio": 1.2107735733601783}