{"Species Distance (Mash)": 2.10634, "Region Distance": 2.69727, "Ratio": 1.2805482495703449}