{"Species Distance (Mash)": 2.10634, "Region Distance": 2.94554, "Ratio": 1.3984162101085296}