{"Species Distance (Mash)": 2.10634, "Region Distance": 2.43967, "Ratio": 1.1582508047133893}