,homo_sapiens,pan_paniscus,pan_troglodytes,gorilla_gorilla,nomascus_leucogenys,cercocebus_atys,mandrillus_leucophaeus,macaca_fascicularis,macaca_mulatta,macaca_nemestrina,chlorocebus_sabaeus,colobus_angolensis_palliatus,rhinopithecus_bieti,rhinopithecus_roxellana,aotus_nancymaae,cebus_capucinus,saimiri_boliviensis_boliviensis,otolemur_garnettii,propithecus_coquereli,cavia_porcellus,chinchilla_lanigera,octodon_degus,fukomys_damarensis,ictidomys_tridecemlineatus,jaculus_jaculus,dipodomys_ordii,ailuropoda_melanoleuca,mustela_putorius_furo,canis_familiaris,felis_catus,panthera_pardus,panthera_tigris_altaica,equus_caballus,sus_scrofa,myotis_lucifugus,pteropus_vampyrus,sorex_araneus,loxodonta_africana
gc_content,0.44,0.44,0.44,0.46,0.42,0.425531914893617,0.425531914893617,0.425531914893617,0.3829787234042553,0.425531914893617,0.38,0.42,0.42,0.42,0.36,0.4,0.38,0.42,0.52,0.4,0.44,0.4583333333333333,0.46,0.46938775510204084,0.42857142857142855,0.4,0.36,0.4,0.4,0.4,0.44,0.42,0.40425531914893614,0.4791666666666667,0.4,0.4,0.3673469387755102,0.44
longest_ORF,0.32,0.32,0.32,0.32,0.32,0.3191489361702128,0.3191489361702128,0.3191489361702128,0.3191489361702128,0.3191489361702128,0.32,0.32,0.32,0.32,0.32,0.32,0.32,0.32,0.32,0.32,0.32,0.3333333333333333,0.32,0.32653061224489793,0.32653061224489793,0.32,0.32,0.32,0.32,0.32,0.32,0.32,0.3191489361702128,0.3333333333333333,0.32,0.32,0.32653061224489793,0.32
A_percent,0.16,0.16,0.16,0.14,0.18,0.1702127659574468,0.1702127659574468,0.1702127659574468,0.1702127659574468,0.1702127659574468,0.16,0.16,0.16,0.16,0.22,0.18,0.2,0.18,0.12,0.24,0.18,0.14583333333333334,0.16,0.14285714285714285,0.16326530612244897,0.12,0.2,0.18,0.18,0.18,0.18,0.18,0.19148936170212766,0.1875,0.14,0.18,0.20408163265306123,0.16
longest_ORF_alan,6.0,6.0,6.0,0.0,6.0,6.0,6.0,6.0,6.0,6.0,6.0,6.0,0.0,0.0,0.0,0.0,0.0,9.0,5.0,15.0,13.0,14.0,15.0,0.0,0.0,0.0,9.0,9.0,9.0,0.0,0.0,0.0,11.0,11.0,14.0,12.0,14.0,0.0
