{"Species Distance (Mash)": 2.02644, "Region Distance": 3.74885, "Ratio": 1.8499684175203805}