{"Species Distance (Mash)": 2.02644, "Region Distance": 3.74163, "Ratio": 1.8464055190383133}