{"Species Distance (Mash)": 2.10634, "Region Distance": 2.83838, "Ratio": 1.3475412326594947}