{"Species Distance (Mash)": 1.91902, "Region Distance": 3.92376, "Ratio": 2.0446686329480674}