{"Species Distance (Mash)": 1.91902, "Ratio": 2.0448614396931766, "Region Distance": 3.92413}