{"Species Distance (Mash)": 2.10634, "Region Distance": 2.68331, "Ratio": 1.2739206395928484}