{"Species Distance (Mash)": 1.80529, "Region Distance": 3.63258, "Ratio": 2.012186407723967}