,homo_sapiens,pan_paniscus,pan_troglodytes,gorilla_gorilla,nomascus_leucogenys,cercocebus_atys,mandrillus_leucophaeus,macaca_fascicularis,macaca_mulatta,macaca_nemestrina,chlorocebus_sabaeus,colobus_angolensis_palliatus,rhinopithecus_bieti,rhinopithecus_roxellana,aotus_nancymaae,cebus_capucinus,saimiri_boliviensis_boliviensis,otolemur_garnettii,propithecus_coquereli,cavia_porcellus,chinchilla_lanigera,octodon_degus,fukomys_damarensis,heterocephalus_glaber_male,ictidomys_tridecemlineatus,jaculus_jaculus,dipodomys_ordii,ailuropoda_melanoleuca,mustela_putorius_furo,canis_familiaris,felis_catus,panthera_pardus,panthera_tigris_altaica,equus_caballus,sus_scrofa,myotis_lucifugus,pteropus_vampyrus,sorex_araneus,loxodonta_africana
gc_content,0.28,0.28,0.28,0.28,0.34,0.32,0.32,0.3,0.3,0.3,0.3,0.3,0.3,0.3,0.3,0.2857142857142857,0.30612244897959184,0.32,0.4,0.34,0.4166666666666667,0.5625,0.32653061224489793,0.34146341463414637,0.3877551020408163,0.46,0.28,0.4,0.38,0.4,0.4,0.4,0.4,0.4,0.40816326530612246,0.32653061224489793,0.56,0.48,0.32653061224489793
longest_ORF,0.32,0.32,0.32,0.32,0.32,0.32,0.32,0.32,0.32,0.32,0.32,0.32,0.32,0.32,0.32,0.32653061224489793,0.32653061224489793,0.32,0.32,0.24,0.3125,0.3333333333333333,0.32653061224489793,0.3170731707317073,0.30612244897959184,0.32,0.32,0.32,0.32,0.32,0.32,0.32,0.32,0.32,0.30612244897959184,0.30612244897959184,0.32,0.32,0.32653061224489793
A_percent,0.38,0.38,0.38,0.38,0.32,0.34,0.34,0.38,0.38,0.38,0.38,0.38,0.38,0.38,0.34,0.3469387755102041,0.3469387755102041,0.44,0.36,0.34,0.3333333333333333,0.2916666666666667,0.3673469387755102,0.3170731707317073,0.3673469387755102,0.28,0.4,0.32,0.34,0.34,0.36,0.36,0.36,0.32,0.32653061224489793,0.30612244897959184,0.22,0.28,0.3673469387755102
longest_ORF_alan,10.0,10.0,10.0,10.0,11.0,11.0,11.0,10.0,10.0,10.0,10.0,10.0,10.0,10.0,11.0,10.0,0.0,7.0,0.0,0.0,12.0,12.0,3.0,10.0,1.0,0.0,10.0,3.0,10.0,0.0,11.0,11.0,11.0,11.0,11.0,11.0,0.0,11.0,12.0
