{"Species Distance (Mash)": 1.9698100000000003, "Region Distance": 3.44705, "Ratio": 1.7499403495768624}