{"Species Distance (Mash)": 2.10634, "Ratio": 1.7947102557042074, "Region Distance": 3.78027}