{"Species Distance (Mash)": 2.10634, "Region Distance": 3.7797, "Ratio": 1.7944396441220316}