{"Species Distance (Mash)": 1.9698100000000003, "Ratio": 2.0275001142242144, "Region Distance": 3.99379}