{"Species Distance (Mash)": 1.9698100000000003, "Region Distance": 3.99382, "Ratio": 2.0275153441194833}